{
  "num_runs": 2,
  "latency_ms_p50": 39.81239099994127,
  "latency_ms_p95": 40.72744399854855,
  "throughput_qps": 3.8396499148574423,
  "gpu_mem_peak_mb": 0.0
}